Workbook

Sheet 연간 합계
A1: PathWave 운영비 — 연간 합계 (반복 + 초기 1회성 분리)
A3: 항목 | B3: 금액 (₩) | C3: 월 평균 (₩) | D3: 비고
A4: 2026 반복 운영비 (8~12월 5개월) | B4: ='2026년 월별'!N15 | C4: =B4/5 | D4: 월별 반복만 (매장 0→10)
A5: 2027 반복 운영비 (12개월) | B5: ='2027년 월별'!N15 | C5: =B5/12 | D5: 월별 반복만 (매장 30→500)
A6: 초기 세팅비 — 필수만 | B6: ='초기 세팅비 (1회성)'!B19 | C6: — | D6: Apple/Play/도메인/상표만 (Mac mini 제외)
A7: 초기 세팅비 — Mac mini 포함 (권장) | B7: ='초기 세팅비 (1회성)'!B20 | C7: — | D7: + Mac mini ₩880,000
A8: 초기 세팅비 — 전체 (NICE 포함) | B8: ='초기 세팅비 (1회성)'!B21 | C8: — | D8: + NICE ₩100,000
A9: 2년 운영비 합계 (반복) | B9: =B4+B5 | C9: —
A10: 2년 총합 (반복 + Mac mini 포함) | B10: =B4+B5+B7 | C10: — | D10: 권장 셋업 기준
A11: 주요 가정 / 변경점 (2026-05-23 v5)
A12: ① 환율 USD 1 = ₩1,500
A13: ② 서버 = Mac mini 자체 (메모리 권장 인프라 로드맵) — Cloudflare Tunnel로 외부 노출. 비용 거의 0
A14: ③ 알림톡 미사용 — 자체 앱 푸시(APNs/FCM) + 이메일로 대체. 외부 카카오톡 의존 0
A15: ④ SMS 인증 옵션 — 매장 100+ 시 도입 권장 (또는 이메일 인증으로 대체)
A16: ⑤ 자동화 = Mac mini 자체구축 (Python 스크립트 + cron) — Channeltalk/Make/Buffer 등 SaaS 대체
A17: ⑥ 던스(D-U-N-S) 무료 신청 — Apple Developer 법인 가입 선행조건 (5~10영업일)
A18: ⑦ 도메인·Workspace 2계정 분리 (pathwave + triggersoft)
A19: ⑧ 시나리오 = 매장 수 기반 (매장당 매출 ₩10,000 직결). MAU는 매장×평균사용자 자동 계산
A20: ⑨ 1회성 비용은 월별 시트 제외 → 초기 세팅비 시트만 (Mac mini 옵션 명시)
A21: ⑩ Phase 1.5 단계 — Mac mini 개발환경 구축 + 통합 테스트 (운영 반영 전 필수)
A22: ⑪ ⚠ Android 푸시는 FCM 외 사실상 대안 없음 (Google Play Services 의존) — FCM 무료라 실 비용 0

Sheet 서비스 신청 체크리스트
A1: 우선순위 | B1: 카테고리 | C1: 서비스 | D1: 제공사 | E1: 필수/선택 | F1: 가격 상세 | G1: 신청 링크 | H1: 가입 계정 | I1: 신청 상태 | J1: 신청 예정 | K1: 활성 예정 | L1: 환경변수 / 비고
A2: 1 | B2: 법인 식별 | C2: D-U-N-S 번호 (Apple 법인 가입 필수) | D2: 한국기업데이터(cretop) / D&B | E2: 필수 | F2: 무료 (5~10영업일) | G2: https://www.cretop.com/ | H2: admin@triggersoft | I2: 대기 | J2: 2026-06-02 | K2: 2026-06-12 | L2: Apple Developer 법인 계정 선행조건 — 무료 신청
A3: 1 | B3: 결제 | C3: 토스페이먼츠 | D3: Toss Payments | E3: 필수 | F3: 수수료 2.9% + 33원/건 (가입 무료) | G3: https://merchant.tosspayments.com/ | H3: admin@pathwave | I3: 대기 | J3: 2026-06-02 | K3: 2026-06-16 | L3: TOSS_SECRET_KEY · 심사 1~2주
A4: 1 | B4: 스토어 | C4: Apple Developer Program (법인) | D4: Apple | E4: 필수 | F4: $99/년 (₩148,500 @1500) · D-U-N-S 필요 | G4: https://developer.apple.com/programs/enroll/ | H4: admin@pathwave | I4: 대기 | J4: 2026-06-12 | K4: 2026-06-19 | L4: D-U-N-S 발급 후 가입 가능
A5: 1 | B5: 스토어 | C5: Google Play Console | D5: Google | E5: 필수 | F5: $25 일회성 (₩37,500 @1500) | G5: https://play.google.com/console/u/0/signup | H5: admin@pathwave | I5: 대기 | J5: 2026-06-02 | K5: 2026-06-03
A6: 1 | B6: 도메인 | C6: pathwave.co.kr | D6: 가비아 | E6: 필수 | F6: 연 ~3만원 (월 ~₩2,500) | G6: https://www.gabia.com/ | H6: admin@pathwave | I6: 대기 | J6: 2026-06-02 | K6: 2026-06-02 | L6: 서비스 도메인
A7: 1 | B7: 도메인 | C7: triggersoft.kr | D7: 가비아 | E7: 필수 | F7: 연 ~3만원 (월 ~₩2,500) | G7: https://www.gabia.com/ | H7: admin@triggersoft | I7: 대기 | J7: 2026-06-02 | K7: 2026-06-02 | L7: 법인 운영
A8: 1 | B8: 호스팅(권장) | C8: Mac mini 자체 (Cloudflare Tunnel) | D8: 자체 보유 | E8: 필수 | F8: 월 ₩0 (전기료 ~₩3,000) | G8: https://dash.cloudflare.com/ | H8: admin@pathwave | I8: 대기 | J8: 2026-06-09 | K8: 2026-07-중 | L8: 메모리 권장 — Mac mini 1대로 백엔드+자동화
A9: 1 | B9: 호스팅(대안) | C9: 가비아 SimpleHosting Light | D9: 가비아 | E9: 선택 | F9: 월 ~₩4,500 (Python 지원) | G9: https://www.gabia.com/service/hosting | H9: admin@pathwave | I9: 대기 | J9: 대안 | L9: Mac mini 부재 시 대안
A10: 1 | B10: DB | C10: Supabase 또는 Neon (Postgres 무료) | D10: Supabase / Neon | E10: 필수 | F10: 무료 tier (500MB ~ 1GB) | G10: https://supabase.com/ | H10: admin@pathwave | I10: 대기 | J10: 2026-06-09 | K10: 2026-06-12 | L10: 메모리 권장 무료 tier
A11: 1 | B11: 인증 | C11: Firebase Auth | D11: Google | E11: 필수 | F11: 무료 (10K MAU) | G11: https://console.firebase.google.com/ | H11: dev@pathwave | I11: 대기 | J11: 2026-06-02 | K11: 2026-06-03 | L11: 인증 전용
A12: 1 | B12: 푸시(iOS) | C12: APNs (자체구축) | D12: Apple | E12: 필수 | F12: 무료 (Apple Developer 포함) | G12: https://developer.apple.com/account/resources/ | H12: admin@pathwave | I12: 대기 | J12: 2026-06-19 | K12: 2026-06-25 | L12: APNs HTTP/2 + JWT (PR #50 완성)
A13: 1 | B13: 푸시(Android) | C13: FCM (무료 무제한) | D13: Google | E13: 필수 | F13: 무료 무제한 | G13: https://console.firebase.google.com/ | H13: dev@pathwave | I13: 대기 | J13: 2026-06-02 | K13: 2026-06-03 | L13: ⚠ Android는 FCM 외 사실상 대안 없음 — Google Play Services 의존
A14: 1 | B14: 이메일도메인 | C14: Google Workspace (Pathwave) | D14: Google | E14: 필수 | F14: $7/계정/월 (₩10,500) + alias 4개 무료 | G14: https://workspace.google.com/ | H14: admin@pathwave | I14: 대기 | J14: 2026-06-02 | K14: 2026-06-02 | L14: admin/dev/support/noreply/info 5메일
A15: 1 | B15: 이메일도메인 | C15: Google Workspace (Triggersoft) | D15: Google | E15: 필수 | F15: $7/계정/월 (₩10,500) | G15: https://workspace.google.com/ | H15: admin@triggersoft | I15: 대기 | J15: 2026-06-02 | K15: 2026-06-02 | L15: 법인 운영
A16: 1 | B16: 상표등록 | C16: 상표등록 — 패스웨이브 | D16: 특허청 (셀프 또는 변리사) | E16: 필수 | F16: 셀프 ~₩267,000 / 변리사 50~80만 | G16: https://www.patent.go.kr/ | H16: admin@triggersoft | I16: 대기 | J16: 2026-06-09 | K16: 심사 6~12개월 | L16: 출원 56,000 + 등록 211,000 (10년)
A17: 1 | B17: 상표등록 | C17: 상표등록 — 트리거소프트 | D17: 특허청 (셀프 또는 변리사) | E17: 필수 | F17: 셀프 ~₩267,000 / 변리사 50~80만 | G17: https://www.patent.go.kr/ | H17: admin@triggersoft | I17: 대기 | J17: 2026-06-09 | K17: 심사 6~12개월
A18: 2 | B18: 소셜로그인 | C18: 카카오 로그인 | D18: Kakao | E18: 필수 | F18: 무료 | G18: https://developers.kakao.com/ | H18: info@pathwave | I18: 대기 | J18: 2026-06-02 | K18: 2026-06-16 | L18: 검수 1~2주
A19: 2 | B19: 소셜로그인 | C19: 네이버 로그인 | D19: Naver | E19: 필수 | F19: 무료 | G19: https://developers.naver.com/ | H19: info@pathwave | I19: 대기 | J19: 2026-06-02 | K19: 2026-06-09
A20: 2 | B20: 이메일 발송 | C20: SendGrid (무료 → Essentials) | D20: Twilio | E20: 필수 | F20: 무료 100통/일 · Essentials 50K/월 $19.95 (~₩30K) | G20: https://signup.sendgrid.com/ | H20: dev@pathwave | I20: 대기 | J20: 2026-06-02 | K20: 2026-06-03 | L20: 매장 100+ 시 유료 tier 필요
A21: 2 | B21: 모니터링 | C21: Sentry (무료 또는 자체호스팅) | D21: Sentry | E21: 필수 | F21: 무료 5K events/월 · self-hosted 무료 | G21: https://sentry.io/signup/ | H21: dev@pathwave | I21: 대기 | J21: 2026-06-02 | K21: 2026-06-03 | L21: 대규모 시 자체 호스팅 Mac mini
A22: 2 | B22: 지도 | C22: Google Maps API | D22: Google | E22: 필수 | F22: 월 $200 무료 크레딧 | G22: https://console.cloud.google.com/ | H22: dev@pathwave | I22: 대기 | J22: 2026-06-02 | K22: 2026-06-03 | L22: 카드 등록 필수
A23: 3 | B23: SMS 인증(옵션) | C23: 솔라피 SMS | D23: Solapi | E23: 선택 | F23: 건당 8~15원 (LMS 28~35원) · 사용량 기반 | G23: https://solapi.com/ | H23: dev@pathwave | I23: 대기 | J23: 대안 | L23: 이메일 인증으로 대체 가능 — 매장 100+ 시 도입
A24: 3 | B24: 알림톡(옵션) | C24: 솔라피 알림톡 | D24: Solapi | E24: 선택 | F24: 건당 7~9원 · 카카오톡 채널 필요 | G24: https://solapi.com/ | H24: dev@pathwave | I24: 대기 | J24: 대안 | L24: ⚠ 자체 앱 푸시 + 이메일로 대체 가능 — 외부 의존 줄이려면 미도입
A25: 3 | B25: 본인인증 | C25: NICE / KCB / PASS | D25: 본인인증 사업자 | E25: 선택 | F25: 보증금 ~10만원 + 건당 30~80원 | G25: https://www.niceinfo.co.kr/ | H25: admin@pathwave | I25: 대기 | J25: 6/말~7/중 | L25: 미성년자 확인 (대체 불가)
A26: 3 | B26: 번역 | C26: DeepL Pro | D26: DeepL | E26: 선택 | F26: 무료 500K chars/월 · Starter ~€5/월 | G26: https://www.deepl.com/pro | H26: dev@pathwave | I26: 대기 | J26: 2026-07-초 | K26: 2026-07-중 | L26: P8b 채팅 자동번역 USP
A27: 3 | B27: 자동화(자체) | C27: 챗봇·이메일·SNS 게시 — Mac mini 자체구축 | D27: Mac mini | E27: 필수 | F27: 월 ₩0 (전기 + 개발 시간) | G27: — | H27: dev@pathwave | I27: 대기 | J27: 출시 후 | L27: 메모리 권장 — Python 스크립트 + cron + 카카오 i 오픈빌더 webhook
A28: 3 | B28: 자동화(옵션) | C28: ChatGPT API (소규모 AI 응답) | D28: OpenAI | E28: 선택 | F28: $0.15~3/M tokens (사용량) | G28: https://platform.openai.com/signup | H28: dev@pathwave | I28: 대기 | J28: 대안 | L28: Mac mini Llama 양자화 자체 LLM 대체 가능
A29: 3 | B29: 자동화(옵션) | C29: Twilio Voice (AI 음성) | D29: Twilio | E29: 선택 | F29: 분당 100~500원 | G29: https://www.twilio.com/ | H29: admin@pathwave | I29: 대기 | J29: +3개월 | L29: Stage 2 — 070 회선 후 도입

Sheet 초기 세팅비 (1회성)
A1: 초기 세팅비 — 출시 전 1회성 / 연 1회 (월별 시트에 분산 안 함)
A3: 항목 | B3: 금액 (₩) | C3: 주기 | D3: 비고
A4: D-U-N-S 번호 신청 (한국기업데이터) | B4: 0 | C4: 일회성 | D4: 무료 — Apple 법인 가입 선행, 5~10영업일
A5: Apple Developer Program — 첫 회비 | B5: 148500 | C5: 연 1회 | D5: $99 × 1500
A6: Google Play Console — 등록비 | B6: 37500 | C6: 일회성 | D6: $25 일회성
A7: 도메인 — pathwave.co.kr | B7: 30000 | C7: 연 1회 | D7: 서비스 도메인 (가비아)
A8: 도메인 — triggersoft.kr | B8: 30000 | C8: 연 1회 | D8: 법인 도메인 (가비아)
A9: 상표등록 — 패스웨이브 (셀프 출원) | B9: 267000 | C9: 일회성 | D9: 출원 56,000 + 등록 211,000 (10년 갱신)
A10: 상표등록 — 트리거소프트 (셀프 출원) | B10: 267000 | C10: 일회성 | D10: 법인명 상표
A11: Mac mini M1 16GB 중고 (운영 베이스) | B11: 800000 | C11: 일회성 | D11: 자체 호스팅 + 자동화 — 메모리 권장
A12: Mac mini 주변기기 (외장 SSD) | B12: 80000 | C12: 일회성 | D12: Mac mini 옵션
A13: NICE 본인인증 — 보증금 (선택) | B13: 100000 | C13: 일회성 | D13: 미성년자 확인 도입 시
A14: 카카오 / 네이버 로그인 검수 | B14: 0 | C14: 일회성 | D14: 무료, 1~2주
A15: 솔라피 알림톡 템플릿 등록 (도입 시) | B15: 0 | C15: 일회성 | D15: 무료, 1~2주
... A18: Cloudflare / Firebase / Sentry 가입 | B18: 0 | C18: 일회성 | D18: 무료
A19: 소계 — 필수만 (Mac mini·NICE 제외) | B19: =SUM(B4:B9)+B14+SUM(B15:B18) | D19: Apple/Play/도메인/상표만
A20: 소계 — Mac mini 포함 (메모리 권장) | B20: =SUM(B4:B9)+SUM(B11:B12)+B14+SUM(B15:B18) | D20: + Mac mini 880,000
A21: 소계 — 전체 (옵션 모두 포함) | B21: =SUM(B4:B18) | D21: + NICE 100,000

Sheet 월별 운영비 시나리오
A1: 월별 운영비 시나리오 — 매장 수 기반 (자체구축 우선, 외부는 옵션)
A3: 매장당 평균 사용자 (가정) | B3: 300 | D3: 매장당 매출 (가정, ₩/월) | E3: 10000
A4: 매장당 비콘 개수 (가정) | B4: 2 | D4: 비콘 단가 (₩/개, 배송 포함) | E4: 10000
A6: 항목 | B6: 매장 10 (초기) | C6: 매장 10,000 (Y1 목표) | D6: 매장 30,000 (Y2~3) | E6: 매장 70,000 (Y3+) | F6: 비고
A7: 매장 수 | B7: 10 | C7: 10000 | D7: 30000 | E7: 70000
A8: MAU (매장×평균) | B8: =B7*$B$3 | C8: =C7*$B$3 | D8: =D7*$B$3 | E8: =E7*$B$3
A9: 월 매출 (매장×매장당매출) | B9: =B7*$E$3 | C9: =C7*$E$3 | D9: =D7*$E$3 | E9: =E7*$E$3
A10: 비콘 누적 CAPEX (매장×개수×단가) | B10: =B7*$B$4*$E$4 | C10: =C7*$B$4*$E$4 | D10: =D7*$B$4*$E$4 | E10: =E7*$B$4*$E$4 | F10: 매장 가입 시 1회 — 매장당 매출 ₩10K 기준 2개월 회수
A11: 서버 (Mac mini 자체, 전기) | B11: 3000 | C11: 3000 | D11: 3000 | E11: 3000 | F11: 메모리 권장 — Cloudflare Tunnel
A12: 서버 확장 (대안: 가비아/VPS) | B12: 0 | C12: 0 | D12: 30000 | E12: 100000 | F12: 매장 500+ 시 부하 분산 필요 시
A13: 도메인 (2개 × 월할) | B13: 5000 | C13: 5000 | D13: 5000 | E13: 5000 | F13: pathwave + triggersoft
A14: Workspace (2계정 × $7 = ₩21K) | B14: 21000 | C14: 21000 | D14: 21000 | E14: 21000
A15: 이메일 (SendGrid) | B15: 0 | C15: 30000 | D15: 30000 | E15: 135000 | F15: 무료→Essentials $20→Pro $90 (매장 1K=10K통/월 이상)
A16: SMS 인증 (옵션 — 이메일 인증 대체 가능) | B16: 0 | C16: 5000 | D16: 30000 | E16: 60000 | F16: 솔라피 — 또는 이메일 인증으로 대체
A17: 알림톡 (옵션 — 자체 푸시로 대체 가능) | B17: 0 | C17: 0 | D17: 0 | E17: 0 | F17: ⚠ 카카오톡 채널 운영 시만 — 자체 푸시/이메일이면 0
A18: Firebase Auth (10K MAU 무료) | B18: 0 | C18: 0 | D18: 0 | E18: 50000 | F18: 매장 1K(MAU 50K)에서 일부 유료
A19: Google Maps (월 $200 무료) | B19: 0 | C19: 0 | D19: 0 | E19: 30000 | F19: 대규모 트래픽 시 초과분
A20: 모니터링 (Sentry 무료 / 자체) | B20: 0 | C20: 0 | D20: 0 | E20: 50000 | F20: 자체 호스팅 시 0
A21: 번역 API (P8b) | B21: 0 | C21: 0 | D21: 30000 | E21: 100000 | F21: DeepL — 채팅 자동 번역
A22: 자동화 (Mac mini 자체) | B22: 0 | C22: 0 | D22: 0 | E22: 0 | F22: 메모리 — Python 스크립트
A23: 월 운영비 합계 | B23: =SUM(B11:B22) | C23: =SUM(C11:C22) | D23: =SUM(D11:D22) | E23: =SUM(E11:E22)
A24: 월 손익 (매출 − 비용) | B24: =B9-B23 | C24: =C9-C23 | D24: =D9-D23 | E24: =E9-E23

Sheet 손익분기점 (BEP)
A1: 손익분기점 — 매장 수가 매출 단위
A3: 시나리오 | B3: 월 운영비 | C3: 매장 수 (실제) | D3: 월 매출 | E3: 월 손익
A4: 매장 10 (초기) | B4: ='월별 운영비 시나리오'!B23 | C4: 10 | D4: =C4*'월별 운영비 시나리오'!$E$3 | E4: =D4-B4
A5: 매장 10,000 (Y1 목표) | B5: ='월별 운영비 시나리오'!C23 | C5: 10000 | D5: =C5*'월별 운영비 시나리오'!$E$3 | E5: =D5-B5
A6: 매장 30,000 (Y2~3) | B6: ='월별 운영비 시나리오'!D23 | C6: 30000 | D6: =C6*'월별 운영비 시나리오'!$E$3 | E6: =D6-B6
A7: 매장 70,000 (Y3+) | B7: ='월별 운영비 시나리오'!E23 | C7: 70000 | D7: =C7*'월별 운영비 시나리오'!$E$3 | E7: =D7-B7
A9: BEP 매장 수 (운영비 ÷ 매장당 매출)
A10: 매장 10 시나리오 — BEP | B10: =B4/'월별 운영비 시나리오'!$E$3 | E10: 운영비 ÷ 1만원
A11: 매장 10,000 시나리오 — BEP | B11: =B5/'월별 운영비 시나리오'!$E$3
A12: 매장 30,000 시나리오 — BEP | B12: =B6/'월별 운영비 시나리오'!$E$3
A13: 매장 70,000 시나리오 — BEP | B13: =B7/'월별 운영비 시나리오'!$E$3
A14: ⚠ 수익 구조 분석
A15: · 매장당 월 ₩10,000 매출 — Y1 목표 100매장 = ₩1M/월 매출, 운영비 ~₩60K → 순익 ₩940K/월
A16: · Mac mini 자체구축 + 자체 푸시·이메일로 운영비 대폭 절감
A17: · 알림톡(카카오) 제거 시 외부 의존 0 — 단 솔라피 SMS 인증은 매장 100+ 시 도입 권장(또는 이메일 인증)
A18: · Firebase Auth는 10K MAU 무료 — 매장 1K (MAU 50K) 도달 시 일부 유료 전환
A19: · 자동화는 Mac mini 자체 Python 스크립트 (메모리 권장) — 외부 SaaS 비용 0
A20: · Stage 2~3 도구(Twilio·번역·자동화 SaaS)는 매출 5~10% 재투자 원칙
A21: · 초기 세팅비 회수 — 매장 100 시나리오 순익 ₩940K/월 → 셋업비(필수) ~₩780K 1개월 회수

Sheet 2026년 월별
A1: 2026년 월별 운영비 (반복 비용만 — 1회성은 초기 세팅비 시트)
A2: ※ 6/2주 외부 신청 시작. Mac mini 7월 셋업 (자체 호스팅 + Cloudflare Tunnel). 8월 출시 후 매장 0→10. 알림톡/카카오톡 미사용 — 자체 푸시·이메일로 대체
A4: 항목 | B4: 1월 | C4: 2월 | D4: 3월 | E4: 4월 | F4: 5월 | G4: 6월 | H4: 7월 | I4: 8월 | J4: 9월 | K4: 10월 | L4: 11월 | M4: 12월 | N4: 연 합계
A5: 서버 (Mac mini 자체) | B5: 0 | C5: 0 | D5: 0 | E5: 0 | F5: 0 | G5: 0 | H5: 3000 | I5: 3000 | J5: 3000 | K5: 3000 | L5: 3000 | M5: 3000 | N5: =SUM(B5:M5)
A6: 도메인 (월할) | B6: 0 | C6: 0 | D6: 0 | E6: 0 | F6: 0 | G6: 5000 | H6: 5000 | I6: 5000 | J6: 5000 | K6: 5000 | L6: 5000 | M6: 5000 | N6: =SUM(B6:M6)
A7: Workspace (2계정) | B7: 0 | C7: 0 | D7: 0 | E7: 0 | F7: 0 | G7: 21000 | H7: 21000 | I7: 21000 | J7: 21000 | K7: 21000 | L7: 21000 | M7: 21000 | N7: =SUM(B7:M7)
A8: 이메일 (SendGrid) | B8: 0 | C8: 0 | D8: 0 | E8: 0 | F8: 0 | G8: 0 | H8: 0 | I8: 0 | J8: 0 | K8: 0 | L8: 0 | M8: 0 | N8: =SUM(B8:M8)
A9: SMS 인증 (옵션) | B9: 0 | C9: 0 | D9: 0 | E9: 0 | F9: 0 | G9: 0 | H9: 0 | I9: 1000 | J9: 2000 | K9: 3000 | L9: 5000 | M9: 5000 | N9: =SUM(B9:M9)
A10: Firebase Auth (초과) | B10: 0 | C10: 0 | D10: 0 | E10: 0 | F10: 0 | G10: 0 | H10: 0 | I10: 0 | J10: 0 | K10: 0 | L10: 0 | M10: 0 | N10: =SUM(B10:M10)
A11: Google Maps (초과) | B11: 0 | C11: 0 | D11: 0 | E11: 0 | F11: 0 | G11: 0 | H11: 0 | I11: 0 | J11: 0 | K11: 0 | L11: 0 | M11: 0 | N11: =SUM(B11:M11)
A12: Sentry | B12: 0 | C12: 0 | D12: 0 | E12: 0 | F12: 0 | G12: 0 | H12: 0 | I12: 0 | J12: 0 | K12: 0 | L12: 0 | M12: 0 | N12: =SUM(B12:M12)
A13: 번역 API (P8b) | B13: 0 | C13: 0 | D13: 0 | E13: 0 | F13: 0 | G13: 0 | H13: 0 | I13: 0 | J13: 0 | K13: 0 | L13: 0 | M13: 0 | N13: =SUM(B13:M13)
A14: 서버 확장 (대안) | B14: 0 | C14: 0 | D14: 0 | E14: 0 | F14: 0 | G14: 0 | H14: 0 | I14: 0 | J14: 0 | K14: 0 | L14: 0 | M14: 0 | N14: =SUM(B14:M14)
A15: 월 운영비 합계 | B15: =SUM(B5:B14) | C15: =SUM(C5:C14) | D15: =SUM(D5:D14) | E15: =SUM(E5:E14) | F15: =SUM(F5:F14) | G15: =SUM(G5:G14) | H15: =SUM(H5:H14) | I15: =SUM(I5:I14) | ... M15: =SUM(M5:M14) | N15: =SUM(B15:M15)
A16: 누계 | B16: =B15 | C16: =B16+C15 | D16: =C16+D15 | E16: =D16+E15 | F16: =E16+F15 | G16: =F16+G15 | H16: =G16+H15 | I16: =H16+I15 | J16: =I16+J15 | ... M16: =L16+M15 | N16: =N15

Sheet 2027년 월별
A1: 2027년 월별 운영비 (반복 비용만 — 1회성은 초기 세팅비 시트)
A2: ※ Q1 매장 ~30, Q2 ~100, Q3 ~300, Q4 ~500. Mac mini 자체 호스팅 + 자동화. 이메일 Q2부터 SendGrid Essentials. 알림톡 미사용 — 자체 푸시 + 이메일
A4: 항목 | B4: 1월 | C4: 2월 | D4: 3월 | E4: 4월 | F4: 5월 | G4: 6월 | H4: 7월 | I4: 8월 | J4: 9월 | K4: 10월 | L4: 11월 | M4: 12월 | N4: 연 합계
A5: 서버 (Mac mini 자체) | B5: 3000 | C5: 3000 | D5: 3000 | E5: 3000 | F5: 3000 | G5: 3000 | H5: 3000 | I5: 3000 | J5: 3000 | K5: 3000 | L5: 3000 | M5: 3000 | N5: =SUM(B5:M5)
A6: 도메인 (월할) | B6: 5000 | C6: 5000 | D6: 5000 | E6: 5000 | F6: 5000 | G6: 5000 | H6: 5000 | I6: 5000 | J6: 5000 | K6: 5000 | L6: 5000 | M6: 5000 | N6: =SUM(B6:M6)
A7: Workspace (2계정) | B7: 21000 | C7: 21000 | D7: 21000 | E7: 21000 | F7: 21000 | G7: 21000 | H7: 21000 | I7: 21000 | J7: 21000 | K7: 21000 | L7: 21000 | M7: 21000 | N7: =SUM(B7:M7)
A8: 이메일 (SendGrid) | B8: 0 | C8: 0 | D8: 0 | E8: 30000 | F8: 30000 | G8: 30000 | H8: 30000 | I8: 30000 | J8: 30000 | K8: 30000 | L8: 30000 | M8: 30000 | N8: =SUM(B8:M8)
A9: SMS 인증 (옵션) | B9: 5000 | C9: 8000 | D9: 12000 | E9: 15000 | F9: 18000 | G9: 20000 | H9: 25000 | I9: 30000 | J9: 35000 | K9: 40000 | L9: 45000 | M9: 50000 | N9: =SUM(B9:M9)
A10: Firebase Auth (초과) | B10: 0 | C10: 0 | D10: 0 | E10: 0 | F10: 0 | G10: 0 | H10: 0 | I10: 0 | J10: 0 | K10: 10000 | L10: 20000 | M10: 30000 | N10: =SUM(B10:M10)
A11: Google Maps (초과) | B11: 0 | C11: 0 | D11: 0 | E11: 0 | F11: 0 | G11: 0 | H11: 0 | I11: 0 | J11: 0 | K11: 0 | L11: 10000 | M11: 20000 | N11: =SUM(B11:M11)
A12: Sentry | B12: 0 | C12: 0 | D12: 0 | E12: 0 | F12: 0 | G12: 0 | H12: 0 | I12: 0 | J12: 0 | K12: 0 | L12: 0 | M12: 30000 | N12: =SUM(B12:M12)
A13: 번역 API (P8b) | B13: 0 | C13: 0 | D13: 0 | E13: 10000 | F13: 15000 | G13: 20000 | H13: 25000 | I13: 30000 | J13: 40000 | K13: 50000 | L13: 60000 | M13: 80000 | N13: =SUM(B13:M13)
A14: 서버 확장 (대안) | B14: 0 | C14: 0 | D14: 0 | E14: 0 | F14: 0 | G14: 0 | H14: 0 | I14: 30000 | J14: 30000 | K14: 50000 | L14: 50000 | M14: 50000 | N14: =SUM(B14:M14)
A15: 월 운영비 합계 | B15: =SUM(B5:B14) | C15: =SUM(C5:C14) | D15: =SUM(D5:D14) | E15: =SUM(E5:E14) | F15: =SUM(F5:F14) | G15: =SUM(G5:G14) | H15: =SUM(H5:H14) | I15: =SUM(I5:I14) | ... M15: =SUM(M5:M14) | N15: =SUM(B15:M15)
A16: 누계 | B16: =B15 | C16: =B16+C15 | D16: =C16+D15 | E16: =D16+E15 | F16: =E16+F15 | G16: =F16+G15 | H16: =G16+H15 | I16: =H16+I15 | J16: =I16+J15 | ... M16: =L16+M15 | N16: =N15
